"","ResponseId","rural","income","major_hss","gender","partyid_true","ct_norm","parentseducation","bornpre_1989","special_conj_1_1","Special_Profile1_Age","Special_Profile1_Gender","Special_Profile1_PreviousOccupation","Special_Profile1_PoliticalParty","Special_Profile1_PoliticalStatement1","Special_Profile1_PoliticalStatement2","Special_Profile2_Age","Special_Profile2_Gender","Special_Profile2_PreviousOccupation","Special_Profile2_PoliticalParty","Special_Profile2_PoliticalStatement1","Special_Profile2_PoliticalStatement2","Special_Profile1_Chosen","Special_Profile2_Chosen","Age","Gender","PreviousOccupation","inparty_profile","strongundem","choice_numeric","inpartychosen"
"1","R_2g0XDkJ6Q3Ve77t",0,4,"HSS",1,"Civic Coalition",0.533333333333333,0,1,"Candidate B","54","Mężczyzna","Działacz społeczny","Law and Justice","PS1_Mild","PS2_Mild","54","Mężczyzna","Działacz społeczny","Civic Coalition","PS1_Strong","PS2_Strong","","","54","Male","Civil Activist",2,1,2,1
"2","R_8LNZSsA6UK36jdy",0,4,"Non-HSS",0,"Law and Justice",0.666666666666667,1,0,"Candidate B","59","Mężczyzna","Przedsiębiorca","Civic Coalition","PS1_Mild","PS2_Mild","59","Mężczyzna","Przedsiębiorca","Law and Justice","PS1_Strong","PS2_Strong","0","1","59","Male","Businessperson",2,1,2,1
"3","R_2SdTZBOBKBfz66W",0,3,"HSS",1,"Civic Coalition",0.6,0,0,"Candidate A","39","Kobieta","Przedsiębiorca","Civic Coalition","PS1_Strong","PS2_Strong","39","Kobieta","Przedsiębiorca","Law and Justice","PS1_Mild","PS2_Mild","1","0","39","Female","Businessperson",1,1,1,1
"4","R_8QG4JWzlMCMm1rC",0,3,"HSS",1,"Law and Justice",0.6,0,1,"Candidate B","47","Mężczyzna","Działacz społeczny","Civic Coalition","PS1_Strong","PS2_Strong","47","Mężczyzna","Działacz społeczny","Law and Justice","PS1_Mild","PS2_Mild","","","47","Male","Civil Activist",2,0,2,1
"5","R_2X7iAEFd8QmLTRG",0,3,"Non-HSS",0,"Civic Coalition",0.6,0,1,"Candidate A","54","Mężczyzna","Działacz społeczny","Civic Coalition","PS1_Strong","PS2_Strong","54","Mężczyzna","Działacz społeczny","Law and Justice","PS1_Mild","PS2_Mild","","","54","Male","Civil Activist",1,1,1,1
"6","R_2PnV7OtiYjBKkms",0,2,"HSS",0,"Civic Coalition",0.4,1,1,"Candidate A","54","Kobieta","Przedsiębiorca","Civic Coalition","PS1_Strong","PS2_Strong","54","Kobieta","Przedsiębiorca","Law and Justice","PS1_Mild","PS2_Mild","1","0","54","Female","Businessperson",1,1,1,1
"7","R_8zjbfgTm9LxAlgn",0,3,"Non-HSS",1,"Civic Coalition",0.6,0,1,"Candidate B","47","Mężczyzna","Członek rządu","Civic Coalition","PS1_Strong","PS2_Strong","47","Mężczyzna","Członek rządu","Law and Justice","PS1_Mild","PS2_Mild","","","47","Male","Member of the Cabinet",1,1,2,0
"8","R_8AR44WHaW3SoJ8T",0,3,"HSS",1,"Civic Coalition",0.533333333333333,0,1,"Candidate A","62","Mężczyzna","Członek rządu","Civic Coalition","PS1_Strong","PS2_Strong","62","Mężczyzna","Członek rządu","Law and Justice","PS1_Mild","PS2_Mild","","","62","Male","Member of the Cabinet",1,1,1,1
"9","R_8PfgjUrb8aYlHLH",0,2,"HSS",1,"Civic Coalition",0.6,0,0,"Candidate A","62","Mężczyzna","Działacz społeczny","Law and Justice","PS1_Mild","PS2_Mild","62","Mężczyzna","Działacz społeczny","Civic Coalition","PS1_Strong","PS2_Strong","","","62","Male","Civil Activist",2,1,1,0
"10","R_23xlJ20KZjTcNdY",1,3,"Non-HSS",0,"Law and Justice",0.666666666666667,0,0,"Candidate A","62","Mężczyzna","Przedsiębiorca","Law and Justice","PS1_Mild","PS2_Mild","62","Mężczyzna","Przedsiębiorca","Civic Coalition","PS1_Strong","PS2_Strong","","","62","Male","Businessperson",1,0,1,1
"11","R_2qeK3ALklt9JZQZ",0,3,"HSS",1,"Civic Coalition",0.533333333333333,0,1,"Candidate B","62","Kobieta","Przedsiębiorca","Law and Justice","PS1_Mild","PS2_Mild","62","Kobieta","Przedsiębiorca","Civic Coalition","PS1_Strong","PS2_Strong","0","1","62","Female","Businessperson",2,1,2,1
"12","R_81A1vhPnGJHL4dD",0,4,"Non-HSS",0,"Civic Coalition",0.533333333333333,1,1,"Candidate B","59","Kobieta","Przedsiębiorca","Law and Justice","PS1_Mild","PS2_Mild","59","Kobieta","Przedsiębiorca","Civic Coalition","PS1_Strong","PS2_Strong","0","1","59","Female","Businessperson",2,1,2,1
"13","R_2kH6D44almrKOTY",0,3,"HSS",0,"Civic Coalition",0.666666666666667,0,1,"Candidate A","47","Mężczyzna","Działacz społeczny","Civic Coalition","PS1_Mild","PS2_Mild","47","Mężczyzna","Działacz społeczny","Law and Justice","PS1_Strong","PS2_Strong","1","0","47","Male","Civil Activist",1,0,1,1
"14","R_2I5bRxWgW8RcJGp",0,4,"HSS",0,"Law and Justice",0.733333333333333,0,1,"Candidate B","54","Mężczyzna","Działacz społeczny","Civic Coalition","PS1_Strong","PS2_Strong","54","Mężczyzna","Działacz społeczny","Law and Justice","PS1_Mild","PS2_Mild","0","1","54","Male","Civil Activist",2,0,2,1
"15","R_2tlPHVD2J0x1vMJ",0,3,"HSS",0,"Civic Coalition",0.466666666666667,0,1,"Candidate B","39","Kobieta","Przedsiębiorca","Law and Justice","PS1_Strong","PS2_Strong","39","Kobieta","Przedsiębiorca","Civic Coalition","PS1_Mild","PS2_Mild","","","39","Female","Businessperson",2,0,2,1
"16","R_85tFtQyfZehjNo2",0,3,"HSS",1,"Civic Coalition",0.733333333333333,1,1,"Candidate A","62","Mężczyzna","Przedsiębiorca","Civic Coalition","PS1_Mild","PS2_Mild","62","Mężczyzna","Przedsiębiorca","Law and Justice","PS1_Strong","PS2_Strong","1","0","62","Male","Businessperson",1,0,1,1
"17","R_21j67GszZB8SqW5",0,4,"HSS",0,"Civic Coalition",0.466666666666667,0,1,"Candidate B","54","Mężczyzna","Działacz społeczny","Law and Justice","PS1_Strong","PS2_Strong","54","Mężczyzna","Działacz społeczny","Civic Coalition","PS1_Mild","PS2_Mild","","","54","Male","Civil Activist",2,0,2,1
"18","R_2z716HOpYa7NQb9",0,4,"HSS",0,"Law and Justice",0.6,0,1,"Candidate A","54","Kobieta","Członek rządu","Law and Justice","PS1_Strong","PS2_Strong","54","Kobieta","Członek rządu","Civic Coalition","PS1_Mild","PS2_Mild","","","54","Female","Member of the Cabinet",1,1,1,1
"19","R_8hKXvPgtX3OmnJW",0,NA,"Non-HSS",1,"Civic Coalition",0.733333333333333,0,0,"Candidate A","39","Kobieta","Członek rządu","Civic Coalition","PS1_Mild","PS2_Mild","39","Kobieta","Członek rządu","Law and Justice","PS1_Strong","PS2_Strong","1","0","39","Female","Member of the Cabinet",1,0,1,1
"20","R_8ePkbEs5DtX8zyC",0,2,"HSS",1,"Civic Coalition",0.4,0,1,"Candidate B","54","Mężczyzna","Członek rządu","Law and Justice","PS1_Strong","PS2_Strong","54","Mężczyzna","Członek rządu","Civic Coalition","PS1_Mild","PS2_Mild","","","54","Male","Member of the Cabinet",2,0,2,1
"21","R_8Gg0xkGpmYurYhS",1,3,"HSS",1,"Law and Justice",0.533333333333333,0,1,"Candidate A","54","Mężczyzna","Przedsiębiorca","Law and Justice","PS1_Mild","PS2_Mild","54","Mężczyzna","Przedsiębiorca","Civic Coalition","PS1_Strong","PS2_Strong","","","54","Male","Businessperson",1,0,1,1
"22","R_2fhZNozcMiCBIVr",0,4,"Non-HSS",0,"Civic Coalition",0.2,0,1,"Candidate A","47","Kobieta","Członek rządu","Civic Coalition","PS1_Strong","PS2_Strong","47","Kobieta","Członek rządu","Law and Justice","PS1_Mild","PS2_Mild","","","47","Female","Member of the Cabinet",1,1,1,1
"23","R_8KHNWEVQxScUI2N",0,3,"HSS",0,"Civic Coalition",0.4,1,1,"Candidate A","39","Kobieta","Członek rządu","Civic Coalition","PS1_Mild","PS2_Mild","39","Kobieta","Członek rządu","Law and Justice","PS1_Strong","PS2_Strong","","","39","Female","Member of the Cabinet",1,0,1,1
"24","R_2C8RsTH7kghK7Vl",0,3,"HSS",1,"Law and Justice",0.466666666666667,1,1,"Candidate A","62","Kobieta","Członek rządu","Civic Coalition","PS1_Strong","PS2_Strong","62","Kobieta","Członek rządu","Law and Justice","PS1_Mild","PS2_Mild","1","0","62","Female","Member of the Cabinet",2,0,1,0
"25","R_2fwkthoUPN0kWF7",1,2,"HSS",1,"Law and Justice",0.466666666666667,1,1,"Candidate A","54","Kobieta","Działacz społeczny","Law and Justice","PS1_Mild","PS2_Mild","54","Kobieta","Działacz społeczny","Civic Coalition","PS1_Strong","PS2_Strong","","","54","Female","Civil Activist",1,0,1,1
"26","R_8TSqLoUJE7dTsGZ",0,4,"HSS",0,"Civic Coalition",0.4,1,1,"Candidate B","59","Mężczyzna","Przedsiębiorca","Law and Justice","PS1_Mild","PS2_Mild","59","Mężczyzna","Przedsiębiorca","Civic Coalition","PS1_Strong","PS2_Strong","","","59","Male","Businessperson",2,1,2,1
"27","R_2H6wJkKZSUQrqic",0,4,"HSS",1,"Civic Coalition",0.6,0,1,"Candidate A","59","Mężczyzna","Członek rządu","Civic Coalition","PS1_Mild","PS2_Mild","59","Mężczyzna","Członek rządu","Law and Justice","PS1_Strong","PS2_Strong","1","0","59","Male","Member of the Cabinet",1,0,1,1
"28","R_8zu6D14ChsEIP8w",0,3,"HSS",1,"Civic Coalition",0.466666666666667,1,1,"Candidate B","62","Kobieta","Członek rządu","Civic Coalition","PS1_Mild","PS2_Mild","62","Kobieta","Członek rządu","Law and Justice","PS1_Strong","PS2_Strong","0","1","62","Female","Member of the Cabinet",1,0,2,0
"29","R_8AnganSonDj1mpz",1,3,"Non-HSS",1,"Law and Justice",0.4,0,1,"Candidate B","39","Mężczyzna","Przedsiębiorca","Civic Coalition","PS1_Mild","PS2_Mild","39","Mężczyzna","Przedsiębiorca","Law and Justice","PS1_Strong","PS2_Strong","","","39","Male","Businessperson",2,1,2,1
"30","R_215FstLihfwVM9S",0,4,"Non-HSS",1,"Civic Coalition",0.533333333333333,1,1,"Candidate B","59","Kobieta","Członek rządu","Law and Justice","PS1_Mild","PS2_Mild","59","Kobieta","Członek rządu","Civic Coalition","PS1_Strong","PS2_Strong","","","59","Female","Member of the Cabinet",2,1,2,1
"31","R_8fd4x2a7vYexaR5",0,3,"HSS",1,"Civic Coalition",0.666666666666667,0,0,"Candidate A","54","Mężczyzna","Działacz społeczny","Civic Coalition","PS1_Mild","PS2_Mild","54","Mężczyzna","Działacz społeczny","Law and Justice","PS1_Strong","PS2_Strong","","","54","Male","Civil Activist",1,0,1,1
"32","R_2FH7Ve1ieTsrgIx",0,3,"HSS",1,"Law and Justice",0.533333333333333,1,0,"Candidate A","62","Mężczyzna","Członek rządu","Law and Justice","PS1_Strong","PS2_Strong","62","Mężczyzna","Członek rządu","Civic Coalition","PS1_Mild","PS2_Mild","","","62","Male","Member of the Cabinet",1,1,1,1
"33","R_2vksREFygqmAKAH",0,4,"HSS",0,"Law and Justice",0.4,1,1,"Candidate A","59","Mężczyzna","Działacz społeczny","Law and Justice","PS1_Strong","PS2_Strong","59","Mężczyzna","Działacz społeczny","Civic Coalition","PS1_Mild","PS2_Mild","1","0","59","Male","Civil Activist",1,1,1,1
"34","R_2SxacAUuf3vhHr0",0,4,"HSS",0,"Civic Coalition",0.533333333333333,1,1,"Candidate B","59","Mężczyzna","Członek rządu","Law and Justice","PS1_Strong","PS2_Strong","59","Mężczyzna","Członek rządu","Civic Coalition","PS1_Mild","PS2_Mild","","","59","Male","Member of the Cabinet",2,0,2,1
"35","R_8Uie3sa1Cwk1htf",0,3,"HSS",1,"Law and Justice",0.466666666666667,1,1,"Candidate A","47","Mężczyzna","Działacz społeczny","Law and Justice","PS1_Mild","PS2_Mild","47","Mężczyzna","Działacz społeczny","Civic Coalition","PS1_Strong","PS2_Strong","1","0","47","Male","Civil Activist",1,0,1,1
"36","R_2VmYj1Up3VPEe9c",1,3,"Non-HSS",0,"Law and Justice",0.466666666666667,0,1,"Candidate A","47","Kobieta","Działacz społeczny","Law and Justice","PS1_Strong","PS2_Strong","47","Kobieta","Działacz społeczny","Civic Coalition","PS1_Mild","PS2_Mild","1","0","47","Female","Civil Activist",1,1,1,1
"37","R_8a7yAhJOEHeC0Cd",0,4,"Non-HSS",0,"Civic Coalition",0.533333333333333,0,1,"Candidate A","62","Mężczyzna","Działacz społeczny","Civic Coalition","PS1_Strong","PS2_Strong","62","Mężczyzna","Działacz społeczny","Law and Justice","PS1_Mild","PS2_Mild","1","0","62","Male","Civil Activist",1,1,1,1
"38","R_8Rwo4ksBqJYw19U",1,4,"HSS",0,"Civic Coalition",0.466666666666667,0,1,"Candidate A","47","Mężczyzna","Działacz społeczny","Civic Coalition","PS1_Strong","PS2_Strong","47","Mężczyzna","Działacz społeczny","Law and Justice","PS1_Mild","PS2_Mild","1","0","47","Male","Civil Activist",1,1,1,1
"39","R_2qDysWk3M1apspu",0,3,"Non-HSS",1,"Civic Coalition",0.6,1,1,"Candidate A","62","Kobieta","Przedsiębiorca","Civic Coalition","PS1_Mild","PS2_Mild","62","Kobieta","Przedsiębiorca","Law and Justice","PS1_Strong","PS2_Strong","1","0","62","Female","Businessperson",1,0,1,1
"40","R_2ZV0qzFznhFH95y",0,3,"HSS",0,"Law and Justice",0.533333333333333,0,1,"Candidate B","62","Mężczyzna","Przedsiębiorca","Civic Coalition","PS1_Mild","PS2_Mild","62","Mężczyzna","Przedsiębiorca","Law and Justice","PS1_Strong","PS2_Strong","","","62","Male","Businessperson",2,1,2,1
"41","R_2bIUENLiH299PKk",0,3,"Non-HSS",0,"Civic Coalition",0.466666666666667,0,1,"Candidate B","59","Kobieta","Członek rządu","Law and Justice","PS1_Mild","PS2_Mild","59","Kobieta","Członek rządu","Civic Coalition","PS1_Strong","PS2_Strong","0","1","59","Female","Member of the Cabinet",2,1,2,1
"42","R_208XKGWpJqCYV8x",0,4,"Non-HSS",1,"Civic Coalition",0.666666666666667,1,0,"Candidate B","47","Kobieta","Przedsiębiorca","Law and Justice","PS1_Mild","PS2_Mild","47","Kobieta","Przedsiębiorca","Civic Coalition","PS1_Strong","PS2_Strong","","","47","Female","Businessperson",2,1,2,1
"43","R_8W0qpWdxvXRwVah",0,2,"HSS",1,NA,0.733333333333333,1,0,"Candidate B","39","Mężczyzna","Przedsiębiorca","Law and Justice","PS1_Mild","PS2_Mild","39","Mężczyzna","Przedsiębiorca","Civic Coalition","PS1_Strong","PS2_Strong","","","39","Male","Businessperson",NA,0,2,NA
"44","R_28D4OOFEZimQZ67",0,4,"Non-HSS",1,"Civic Coalition",0.266666666666667,0,1,"Candidate A","54","Kobieta","Przedsiębiorca","Civic Coalition","PS1_Strong","PS2_Strong","54","Kobieta","Przedsiębiorca","Law and Justice","PS1_Mild","PS2_Mild","","","54","Female","Businessperson",1,1,1,1
"45","R_2WwIDygYbuUb0LO",0,2,"HSS",0,"Civic Coalition",0.466666666666667,0,1,"Candidate B","54","Mężczyzna","Członek rządu","Law and Justice","PS1_Mild","PS2_Mild","54","Mężczyzna","Członek rządu","Civic Coalition","PS1_Strong","PS2_Strong","","","54","Male","Member of the Cabinet",2,1,2,1
"46","R_2B3BD8smWXlqhDr",0,4,"HSS",0,"Civic Coalition",0.533333333333333,1,1,"Candidate B","54","Mężczyzna","Członek rządu","Civic Coalition","PS1_Strong","PS2_Strong","54","Mężczyzna","Członek rządu","Law and Justice","PS1_Mild","PS2_Mild","0","1","54","Male","Member of the Cabinet",1,1,2,0
"47","R_2amBq1sus0UBBqF",1,3,"Non-HSS",0,"Civic Coalition",0.533333333333333,0,1,"Candidate A","54","Kobieta","Działacz społeczny","Civic Coalition","PS1_Strong","PS2_Strong","54","Kobieta","Działacz społeczny","Law and Justice","PS1_Mild","PS2_Mild","1","0","54","Female","Civil Activist",1,1,1,1
"48","R_8kHehIfoafYjdNj",0,NA,"Non-HSS",0,"Law and Justice",0.333333333333333,0,1,"Candidate B","62","Mężczyzna","Działacz społeczny","Civic Coalition","PS1_Mild","PS2_Mild","62","Mężczyzna","Działacz społeczny","Law and Justice","PS1_Strong","PS2_Strong","0","1","62","Male","Civil Activist",2,1,2,1
"49","R_2iqiwKz0zept2bf",1,3,"Non-HSS",0,"Civic Coalition",0.6,0,1,"Candidate B","39","Mężczyzna","Przedsiębiorca","Law and Justice","PS1_Strong","PS2_Strong","39","Mężczyzna","Przedsiębiorca","Civic Coalition","PS1_Mild","PS2_Mild","","","39","Male","Businessperson",2,0,2,1
"50","R_8vUVefdIcXkJRGp",0,3,"Non-HSS",0,"Civic Coalition",0.466666666666667,0,0,"Candidate B","62","Kobieta","Członek rządu","Law and Justice","PS1_Strong","PS2_Strong","62","Kobieta","Członek rządu","Civic Coalition","PS1_Mild","PS2_Mild","","","62","Female","Member of the Cabinet",2,0,2,1
"51","R_2PGAZSO3MtOOJEO",0,4,"HSS",1,"Civic Coalition",0.466666666666667,0,1,"Candidate A","54","Kobieta","Członek rządu","Civic Coalition","PS1_Strong","PS2_Strong","54","Kobieta","Członek rządu","Law and Justice","PS1_Mild","PS2_Mild","","","54","Female","Member of the Cabinet",1,1,1,1
"52","R_8Ok0m7sWplSjEt8",0,3,"Non-HSS",0,"Civic Coalition",0.8,0,1,"Candidate A","54","Kobieta","Przedsiębiorca","Civic Coalition","PS1_Strong","PS2_Strong","54","Kobieta","Przedsiębiorca","Law and Justice","PS1_Mild","PS2_Mild","1","0","54","Female","Businessperson",1,1,1,1
"53","R_84m4oz4562ClW4V",0,3,"HSS",1,"Civic Coalition",0.533333333333333,1,1,"Candidate B","39","Mężczyzna","Członek rządu","Civic Coalition","PS1_Mild","PS2_Mild","39","Mężczyzna","Członek rządu","Law and Justice","PS1_Strong","PS2_Strong","","","39","Male","Member of the Cabinet",1,0,2,0
"54","R_2YXpDg6ZG3Kns5Z",0,NA,"HSS",1,"Law and Justice",0.466666666666667,1,1,"Candidate B","62","Mężczyzna","Członek rządu","Civic Coalition","PS1_Mild","PS2_Mild","62","Mężczyzna","Członek rządu","Law and Justice","PS1_Strong","PS2_Strong","0","1","62","Male","Member of the Cabinet",2,1,2,1
"55","R_2iU5VVKYz07Inmr",0,2,"Non-HSS",0,"Law and Justice",0.6,0,1,"Candidate B","59","Kobieta","Przedsiębiorca","Civic Coalition","PS1_Mild","PS2_Mild","59","Kobieta","Przedsiębiorca","Law and Justice","PS1_Strong","PS2_Strong","0","1","59","Female","Businessperson",2,1,2,1
"56","R_8jkBEsB7M3FVxJv",0,NA,"Non-HSS",0,"Civic Coalition",0.4,1,1,"Candidate A","62","Kobieta","Członek rządu","Civic Coalition","PS1_Strong","PS2_Strong","62","Kobieta","Członek rządu","Law and Justice","PS1_Mild","PS2_Mild","","","62","Female","Member of the Cabinet",1,1,1,1
"57","R_2oFIdbr9Unb9mYd",0,3,"Non-HSS",0,"Law and Justice",0.333333333333333,1,0,"Candidate B","47","Kobieta","Działacz społeczny","Civic Coalition","PS1_Strong","PS2_Strong","47","Kobieta","Działacz społeczny","Law and Justice","PS1_Mild","PS2_Mild","0","1","47","Female","Civil Activist",2,0,2,1
"58","R_8X6SUrP5Wf0ieO9",0,3,"HSS",0,"Civic Coalition",0.266666666666667,0,1,"Candidate A","59","Mężczyzna","Działacz społeczny","Civic Coalition","PS1_Mild","PS2_Mild","59","Mężczyzna","Działacz społeczny","Law and Justice","PS1_Strong","PS2_Strong","1","0","59","Male","Civil Activist",1,0,1,1
"59","R_2j8tRyr6tqPRy7r",0,4,"Non-HSS",0,"Civic Coalition",0.666666666666667,1,1,"Candidate A","62","Mężczyzna","Członek rządu","Civic Coalition","PS1_Strong","PS2_Strong","62","Mężczyzna","Członek rządu","Law and Justice","PS1_Mild","PS2_Mild","1","0","62","Male","Member of the Cabinet",1,1,1,1
"60","R_29b5W1nXdraEflK",0,2,"HSS",1,"Civic Coalition",0.733333333333333,0,1,"Candidate B","39","Kobieta","Działacz społeczny","Law and Justice","PS1_Mild","PS2_Mild","39","Kobieta","Działacz społeczny","Civic Coalition","PS1_Strong","PS2_Strong","0","1","39","Female","Civil Activist",2,1,2,1
"61","R_21Alb3La0hIHKUb",0,3,"Non-HSS",0,NA,0.533333333333333,0,1,"Candidate A","59","Kobieta","Przedsiębiorca","Civic Coalition","PS1_Mild","PS2_Mild","59","Kobieta","Przedsiębiorca","Law and Justice","PS1_Strong","PS2_Strong","1","0","59","Female","Businessperson",NA,0,1,NA
"62","R_8R839wzH0f0c4pA",0,3,"Non-HSS",1,"Civic Coalition",0.666666666666667,1,1,"Candidate B","62","Mężczyzna","Przedsiębiorca","Law and Justice","PS1_Mild","PS2_Mild","62","Mężczyzna","Przedsiębiorca","Civic Coalition","PS1_Strong","PS2_Strong","0","1","62","Male","Businessperson",2,1,2,1
"63","R_8lfSQRBlned7oK7",0,1,"HSS",1,"Civic Coalition",0.466666666666667,1,1,"Candidate B","47","Mężczyzna","Działacz społeczny","Law and Justice","PS1_Strong","PS2_Strong","47","Mężczyzna","Działacz społeczny","Civic Coalition","PS1_Mild","PS2_Mild","","","47","Male","Civil Activist",2,0,2,1
"64","R_2J4YmrJII1hi269",0,2,"HSS",1,"Civic Coalition",0.533333333333333,1,0,"Candidate A","47","Kobieta","Przedsiębiorca","Civic Coalition","PS1_Strong","PS2_Strong","47","Kobieta","Przedsiębiorca","Law and Justice","PS1_Mild","PS2_Mild","1","0","47","Female","Businessperson",1,1,1,1
"65","R_2uRxDoWhuHph5bH",0,3,"HSS",0,"Civic Coalition",0.466666666666667,0,1,"Candidate A","54","Kobieta","Działacz społeczny","Civic Coalition","PS1_Mild","PS2_Mild","54","Kobieta","Działacz społeczny","Law and Justice","PS1_Strong","PS2_Strong","","","54","Female","Civil Activist",1,0,1,1
"66","R_8IHthPISgG8l2C0",0,3,"HSS",1,"Law and Justice",0.466666666666667,0,1,"Candidate B","39","Kobieta","Przedsiębiorca","Law and Justice","PS1_Mild","PS2_Mild","39","Kobieta","Przedsiębiorca","Civic Coalition","PS1_Strong","PS2_Strong","","","39","Female","Businessperson",1,0,2,0
"67","R_2BswXERy5ayVymZ",0,3,"HSS",1,"Law and Justice",0.666666666666667,1,1,"Candidate A","62","Mężczyzna","Członek rządu","Law and Justice","PS1_Mild","PS2_Mild","62","Mężczyzna","Członek rządu","Civic Coalition","PS1_Strong","PS2_Strong","","","62","Male","Member of the Cabinet",1,0,1,1
"68","R_8ppgWVuYaXUXKJH",0,2,"HSS",1,"Civic Coalition",0.466666666666667,1,1,"Candidate B","62","Mężczyzna","Przedsiębiorca","Law and Justice","PS1_Strong","PS2_Strong","62","Mężczyzna","Przedsiębiorca","Civic Coalition","PS1_Mild","PS2_Mild","0","1","62","Male","Businessperson",2,0,2,1
"69","R_2FOOhkCqioCpoAF",1,3,"HSS",1,"Law and Justice",0.533333333333333,0,0,"Candidate A","47","Kobieta","Członek rządu","Law and Justice","PS1_Mild","PS2_Mild","47","Kobieta","Członek rządu","Civic Coalition","PS1_Strong","PS2_Strong","","","47","Female","Member of the Cabinet",1,0,1,1
"70","R_21azqwsvJc8BAPf",0,4,"HSS",0,"Law and Justice",0.533333333333333,0,1,"Candidate B","39","Kobieta","Przedsiębiorca","Civic Coalition","PS1_Strong","PS2_Strong","39","Kobieta","Przedsiębiorca","Law and Justice","PS1_Mild","PS2_Mild","0","1","39","Female","Businessperson",2,0,2,1
"71","R_8HojB0FFjy01yL3",1,4,"Non-HSS",1,"Law and Justice",0.733333333333333,0,1,"Candidate A","54","Kobieta","Działacz społeczny","Law and Justice","PS1_Mild","PS2_Mild","54","Kobieta","Działacz społeczny","Civic Coalition","PS1_Strong","PS2_Strong","","","54","Female","Civil Activist",1,0,1,1
"72","R_8SgTuYYp4XTJP6F",0,3,"Non-HSS",0,"Civic Coalition",0.533333333333333,0,1,"Candidate A","47","Mężczyzna","Działacz społeczny","Civic Coalition","PS1_Strong","PS2_Strong","47","Mężczyzna","Działacz społeczny","Law and Justice","PS1_Mild","PS2_Mild","1","0","47","Male","Civil Activist",1,1,1,1
"73","R_8NYbi1O3ntARU1X",0,4,"HSS",0,"Law and Justice",0.466666666666667,0,1,"Candidate B","47","Kobieta","Działacz społeczny","Law and Justice","PS1_Strong","PS2_Strong","47","Kobieta","Działacz społeczny","Civic Coalition","PS1_Mild","PS2_Mild","0","1","47","Female","Civil Activist",1,1,2,0
"74","R_2cosIZyflmrxhRa",0,3,"HSS",0,"Civic Coalition",0.533333333333333,0,1,"Candidate B","54","Mężczyzna","Działacz społeczny","Law and Justice","PS1_Strong","PS2_Strong","54","Mężczyzna","Działacz społeczny","Civic Coalition","PS1_Mild","PS2_Mild","0","1","54","Male","Civil Activist",2,0,2,1
"75","R_2oXQzONjHhXbZ0L",0,3,"HSS",1,"Law and Justice",0.6,1,1,"Candidate A","39","Mężczyzna","Przedsiębiorca","Law and Justice","PS1_Mild","PS2_Mild","39","Mężczyzna","Przedsiębiorca","Civic Coalition","PS1_Strong","PS2_Strong","","","39","Male","Businessperson",1,0,1,1
"76","R_82F4IQPeAzm0SgB",0,4,"Non-HSS",1,"Law and Justice",0.533333333333333,0,1,"Candidate B","62","Mężczyzna","Działacz społeczny","Civic Coalition","PS1_Strong","PS2_Strong","62","Mężczyzna","Działacz społeczny","Law and Justice","PS1_Mild","PS2_Mild","","","62","Male","Civil Activist",2,0,2,1
"77","R_2rAXEB3adGABPt3",0,3,"Non-HSS",0,"Law and Justice",0.533333333333333,0,1,"Candidate A","39","Mężczyzna","Przedsiębiorca","Law and Justice","PS1_Strong","PS2_Strong","39","Mężczyzna","Przedsiębiorca","Civic Coalition","PS1_Mild","PS2_Mild","","","39","Male","Businessperson",1,1,1,1
"78","R_20PdkB0E2EVeFIP",0,3,"HSS",1,"Civic Coalition",0.466666666666667,0,1,"Candidate A","62","Mężczyzna","Członek rządu","Civic Coalition","PS1_Mild","PS2_Mild","62","Mężczyzna","Członek rządu","Law and Justice","PS1_Strong","PS2_Strong","1","0","62","Male","Member of the Cabinet",1,0,1,1
"79","R_8jB9CyslibzgGyJ",0,3,"HSS",1,"Law and Justice",0.733333333333333,1,0,"Candidate A","59","Kobieta","Przedsiębiorca","Civic Coalition","PS1_Mild","PS2_Mild","59","Kobieta","Przedsiębiorca","Law and Justice","PS1_Strong","PS2_Strong","","","59","Female","Businessperson",2,1,1,0
"80","R_839Bpeo4GIpS4HU",0,3,"Non-HSS",0,"Civic Coalition",0.6,0,1,"Candidate B","62","Kobieta","Członek rządu","Law and Justice","PS1_Strong","PS2_Strong","62","Kobieta","Członek rządu","Civic Coalition","PS1_Mild","PS2_Mild","0","1","62","Female","Member of the Cabinet",2,0,2,1
"81","R_2P1Z3CnHjTd5mAf",0,4,"Non-HSS",1,"Law and Justice",0.466666666666667,0,0,"Candidate B","62","Mężczyzna","Przedsiębiorca","Law and Justice","PS1_Strong","PS2_Strong","62","Mężczyzna","Przedsiębiorca","Civic Coalition","PS1_Mild","PS2_Mild","0","1","62","Male","Businessperson",1,1,2,0
"82","R_2W4LHQn03LyfFTj",0,4,"HSS",1,"Civic Coalition",0.666666666666667,1,1,"Candidate B","39","Kobieta","Członek rządu","Law and Justice","PS1_Strong","PS2_Strong","39","Kobieta","Członek rządu","Civic Coalition","PS1_Mild","PS2_Mild","0","1","39","Female","Member of the Cabinet",2,0,2,1
"83","R_2UUeEnnDoBtfDbj",0,1,"HSS",0,"Civic Coalition",0.466666666666667,0,1,"Candidate B","54","Mężczyzna","Przedsiębiorca","Law and Justice","PS1_Strong","PS2_Strong","54","Mężczyzna","Przedsiębiorca","Civic Coalition","PS1_Mild","PS2_Mild","0","1","54","Male","Businessperson",2,0,2,1
"84","R_84NuMZ3gHaJ2B5K",0,3,"Non-HSS",1,NA,0.266666666666667,0,1,"Candidate B","59","Mężczyzna","Działacz społeczny","Civic Coalition","PS1_Mild","PS2_Mild","59","Mężczyzna","Działacz społeczny","Law and Justice","PS1_Strong","PS2_Strong","","","59","Male","Civil Activist",NA,0,2,NA
"85","R_8dXes50W4OmRRlM",0,3,"Non-HSS",1,"Law and Justice",0.533333333333333,0,1,"Candidate A","62","Kobieta","Działacz społeczny","Law and Justice","PS1_Strong","PS2_Strong","62","Kobieta","Działacz społeczny","Civic Coalition","PS1_Mild","PS2_Mild","1","0","62","Female","Civil Activist",1,1,1,1
"86","R_2Pa0PNHt8X9VA8F",0,0,"HSS",1,"Law and Justice",0.4,0,1,"Candidate B","47","Mężczyzna","Przedsiębiorca","Civic Coalition","PS1_Strong","PS2_Strong","47","Mężczyzna","Przedsiębiorca","Law and Justice","PS1_Mild","PS2_Mild","","","47","Male","Businessperson",2,0,2,1
"87","R_2mmELWOkJ8ev48V",0,3,"Non-HSS",1,"Law and Justice",0.466666666666667,0,1,"Candidate B","59","Mężczyzna","Działacz społeczny","Civic Coalition","PS1_Mild","PS2_Mild","59","Mężczyzna","Działacz społeczny","Law and Justice","PS1_Strong","PS2_Strong","","","59","Male","Civil Activist",2,1,2,1
"88","R_2JtIgbot6OA1klP",0,3,"HSS",0,"Law and Justice",0.533333333333333,0,1,"Candidate A","59","Mężczyzna","Przedsiębiorca","Law and Justice","PS1_Mild","PS2_Mild","59","Mężczyzna","Przedsiębiorca","Civic Coalition","PS1_Strong","PS2_Strong","1","0","59","Male","Businessperson",1,0,1,1
"89","R_8mGLfqorXYsgbmh",1,1,"Non-HSS",1,"Civic Coalition",0.2,1,1,"Candidate B","39","Kobieta","Przedsiębiorca","Law and Justice","PS1_Mild","PS2_Mild","39","Kobieta","Przedsiębiorca","Civic Coalition","PS1_Strong","PS2_Strong","0","1","39","Female","Businessperson",2,1,2,1
"90","R_8VvCpu5QhAlhBXk",0,2,"HSS",1,"Law and Justice",0.466666666666667,0,1,"Candidate B","62","Mężczyzna","Przedsiębiorca","Law and Justice","PS1_Strong","PS2_Strong","62","Mężczyzna","Przedsiębiorca","Civic Coalition","PS1_Mild","PS2_Mild","0","1","62","Male","Businessperson",1,1,2,0
"91","R_8ltzUfZWw8rp3BA",0,4,"Non-HSS",1,NA,0.466666666666667,0,0,"Candidate B","59","Mężczyzna","Członek rządu","Law and Justice","PS1_Mild","PS2_Mild","59","Mężczyzna","Członek rządu","Civic Coalition","PS1_Strong","PS2_Strong","","","59","Male","Member of the Cabinet",NA,0,2,NA
"92","R_2fJfyVujXIThnzk",0,3,"HSS",1,"Civic Coalition",0.533333333333333,0,1,"Candidate B","62","Mężczyzna","Przedsiębiorca","Law and Justice","PS1_Strong","PS2_Strong","62","Mężczyzna","Przedsiębiorca","Civic Coalition","PS1_Mild","PS2_Mild","","","62","Male","Businessperson",2,0,2,1
"93","R_8TAvE6pfzUQ6D9u",0,4,"HSS",1,"Civic Coalition",0.466666666666667,1,1,"Candidate A","47","Mężczyzna","Działacz społeczny","Civic Coalition","PS1_Strong","PS2_Strong","47","Mężczyzna","Działacz społeczny","Law and Justice","PS1_Mild","PS2_Mild","","","47","Male","Civil Activist",1,1,1,1
"94","R_8rVC7PLFRRyNDF6",0,3,"Non-HSS",0,"Civic Coalition",0.4,1,1,"Candidate B","47","Kobieta","Działacz społeczny","Law and Justice","PS1_Strong","PS2_Strong","47","Kobieta","Działacz społeczny","Civic Coalition","PS1_Mild","PS2_Mild","0","1","47","Female","Civil Activist",2,0,2,1
"95","R_2LZnHKwjnPcOtYQ",0,4,"Non-HSS",1,"Civic Coalition",0.266666666666667,0,1,"Candidate A","47","Kobieta","Członek rządu","Civic Coalition","PS1_Strong","PS2_Strong","47","Kobieta","Członek rządu","Law and Justice","PS1_Mild","PS2_Mild","1","0","47","Female","Member of the Cabinet",1,1,1,1
"96","R_2Cr2O5gmO4qRrMH",0,3,"HSS",0,NA,0.733333333333333,0,1,"Candidate A","54","Mężczyzna","Działacz społeczny","Civic Coalition","PS1_Mild","PS2_Mild","54","Mężczyzna","Działacz społeczny","Law and Justice","PS1_Strong","PS2_Strong","1","0","54","Male","Civil Activist",NA,0,1,NA
"97","R_84YHTGn7HdvWVZD",0,1,"HSS",1,"Law and Justice",0.6,0,1,"Candidate A","54","Mężczyzna","Członek rządu","Law and Justice","PS1_Strong","PS2_Strong","54","Mężczyzna","Członek rządu","Civic Coalition","PS1_Mild","PS2_Mild","1","0","54","Male","Member of the Cabinet",1,1,1,1
"98","R_2obhUCCKERyTrZs",1,3,"HSS",1,"Law and Justice",0.6,1,0,"Candidate B","54","Mężczyzna","Działacz społeczny","Civic Coalition","PS1_Mild","PS2_Mild","54","Mężczyzna","Działacz społeczny","Law and Justice","PS1_Strong","PS2_Strong","0","1","54","Male","Civil Activist",2,1,2,1
"99","R_8waENljtjqfUFX1",0,3,"HSS",1,"Civic Coalition",0.733333333333333,1,1,"Candidate A","62","Kobieta","Działacz społeczny","Civic Coalition","PS1_Strong","PS2_Strong","62","Kobieta","Działacz społeczny","Law and Justice","PS1_Mild","PS2_Mild","1","0","62","Female","Civil Activist",1,1,1,1
"100","R_2lDVaxc0XBjiX3H",0,NA,"Non-HSS",1,NA,0.533333333333333,0,1,"Candidate B","47","Mężczyzna","Działacz społeczny","Law and Justice","PS1_Mild","PS2_Mild","47","Mężczyzna","Działacz społeczny","Civic Coalition","PS1_Strong","PS2_Strong","","","47","Male","Civil Activist",NA,0,2,NA
"101","R_8dZgcNfn98B2a5I",0,4,"HSS",0,NA,0.533333333333333,1,1,"Candidate A","59","Kobieta","Członek rządu","Civic Coalition","PS1_Mild","PS2_Mild","59","Kobieta","Członek rządu","Law and Justice","PS1_Strong","PS2_Strong","1","0","59","Female","Member of the Cabinet",NA,0,1,NA
"102","R_8zUDxzsGDNurt3U",0,4,"HSS",1,"Civic Coalition",0.533333333333333,0,1,"Candidate B","59","Kobieta","Przedsiębiorca","Law and Justice","PS1_Mild","PS2_Mild","59","Kobieta","Przedsiębiorca","Civic Coalition","PS1_Strong","PS2_Strong","","","59","Female","Businessperson",2,1,2,1
"103","R_8LpbSSLfRal29Tq",0,3,"HSS",0,"Civic Coalition",0.6,0,1,"Candidate B","47","Mężczyzna","Przedsiębiorca","Law and Justice","PS1_Mild","PS2_Mild","47","Mężczyzna","Przedsiębiorca","Civic Coalition","PS1_Strong","PS2_Strong","0","1","47","Male","Businessperson",2,1,2,1
"104","R_8BAsIiRRkT1xQpb",0,4,"HSS",0,"Law and Justice",0.333333333333333,0,0,"Candidate B","39","Kobieta","Działacz społeczny","Civic Coalition","PS1_Strong","PS2_Strong","39","Kobieta","Działacz społeczny","Law and Justice","PS1_Mild","PS2_Mild","0","1","39","Female","Civil Activist",2,0,2,1
"105","R_2Xcx2kFAGh3ZJwZ",0,3,"HSS",1,"Law and Justice",0.533333333333333,0,1,"Candidate B","62","Kobieta","Działacz społeczny","Civic Coalition","PS1_Strong","PS2_Strong","62","Kobieta","Działacz społeczny","Law and Justice","PS1_Mild","PS2_Mild","0","1","62","Female","Civil Activist",2,0,2,1
"106","R_8nnOtYooiiYDnH3",0,3,"Non-HSS",1,"Civic Coalition",0.533333333333333,1,1,"Candidate A","47","Kobieta","Działacz społeczny","Civic Coalition","PS1_Strong","PS2_Strong","47","Kobieta","Działacz społeczny","Law and Justice","PS1_Mild","PS2_Mild","1","0","47","Female","Civil Activist",1,1,1,1
"107","R_2jTddki3v6ekuL9",0,4,"HSS",1,"Civic Coalition",0.6,1,0,"Candidate A","39","Mężczyzna","Działacz społeczny","Law and Justice","PS1_Mild","PS2_Mild","39","Mężczyzna","Działacz społeczny","Civic Coalition","PS1_Strong","PS2_Strong","1","0","39","Male","Civil Activist",2,1,1,0
"108","R_2tYwtzH2o1El637",0,NA,"Non-HSS",0,"Civic Coalition",0.533333333333333,0,1,"Candidate B","59","Kobieta","Działacz społeczny","Law and Justice","PS1_Mild","PS2_Mild","59","Kobieta","Działacz społeczny","Civic Coalition","PS1_Strong","PS2_Strong","","","59","Female","Civil Activist",2,1,2,1
"109","R_2lxROl175ymhnwt",0,3,"Non-HSS",0,NA,0.666666666666667,0,1,"Candidate A","62","Mężczyzna","Członek rządu","Law and Justice","PS1_Mild","PS2_Mild","62","Mężczyzna","Członek rządu","Civic Coalition","PS1_Strong","PS2_Strong","1","0","62","Male","Member of the Cabinet",NA,0,1,NA
"110","R_8QQNASUCoiDsK2v",0,4,"HSS",0,"Civic Coalition",0.533333333333333,1,1,"Candidate B","39","Kobieta","Przedsiębiorca","Law and Justice","PS1_Strong","PS2_Strong","39","Kobieta","Przedsiębiorca","Civic Coalition","PS1_Mild","PS2_Mild","","","39","Female","Businessperson",2,0,2,1
"111","R_26ZNOYUJQtY6Tu1",0,4,"Non-HSS",1,"Law and Justice",0.533333333333333,0,0,"Candidate B","62","Kobieta","Przedsiębiorca","Civic Coalition","PS1_Mild","PS2_Mild","62","Kobieta","Przedsiębiorca","Law and Justice","PS1_Strong","PS2_Strong","","","62","Female","Businessperson",2,1,2,1
"112","R_8z76s604sBZAao6",0,2,"HSS",0,"Civic Coalition",0.533333333333333,1,1,"Candidate B","54","Kobieta","Działacz społeczny","Law and Justice","PS1_Strong","PS2_Strong","54","Kobieta","Działacz społeczny","Civic Coalition","PS1_Mild","PS2_Mild","0","1","54","Female","Civil Activist",2,0,2,1
"113","R_8eXLczt1ePVKnyV",0,4,"HSS",1,"Civic Coalition",0.266666666666667,1,1,"Candidate B","62","Mężczyzna","Członek rządu","Law and Justice","PS1_Mild","PS2_Mild","62","Mężczyzna","Członek rządu","Civic Coalition","PS1_Strong","PS2_Strong","0","1","62","Male","Member of the Cabinet",2,1,2,1
"114","R_2wcDugtAHsOm2Ax",0,4,"HSS",1,"Civic Coalition",0.533333333333333,0,0,"Candidate B","59","Mężczyzna","Przedsiębiorca","Law and Justice","PS1_Strong","PS2_Strong","59","Mężczyzna","Przedsiębiorca","Civic Coalition","PS1_Mild","PS2_Mild","","","59","Male","Businessperson",2,0,2,1
"115","R_85zMsWWx2lfKHPE",1,2,"HSS",1,"Law and Justice",0.4,0,0,"Candidate B","39","Mężczyzna","Działacz społeczny","Civic Coalition","PS1_Strong","PS2_Strong","39","Mężczyzna","Działacz społeczny","Law and Justice","PS1_Mild","PS2_Mild","0","1","39","Male","Civil Activist",2,0,2,1
"116","R_2K3weeWOoh0cJOG",1,3,"HSS",1,"Civic Coalition",0.533333333333333,0,0,"Candidate A","47","Kobieta","Członek rządu","Civic Coalition","PS1_Strong","PS2_Strong","47","Kobieta","Członek rządu","Law and Justice","PS1_Mild","PS2_Mild","1","0","47","Female","Member of the Cabinet",1,1,1,1
"117","R_8gIvqqafBdjNjwO",0,4,"HSS",1,"Law and Justice",0.533333333333333,1,1,"Candidate B","62","Mężczyzna","Członek rządu","Civic Coalition","PS1_Mild","PS2_Mild","62","Mężczyzna","Członek rządu","Law and Justice","PS1_Strong","PS2_Strong","","","62","Male","Member of the Cabinet",2,1,2,1
"118","R_8VvWBkvUdF1vOed",0,NA,"HSS",1,"Civic Coalition",0.666666666666667,0,0,"Candidate B","54","Kobieta","Działacz społeczny","Law and Justice","PS1_Strong","PS2_Strong","54","Kobieta","Działacz społeczny","Civic Coalition","PS1_Mild","PS2_Mild","","","54","Female","Civil Activist",2,0,2,1
"119","R_2PT56GSCDZ5zRaY",0,2,"Non-HSS",1,"Civic Coalition",0.533333333333333,1,1,"Candidate B","47","Mężczyzna","Przedsiębiorca","Law and Justice","PS1_Mild","PS2_Mild","47","Mężczyzna","Przedsiębiorca","Civic Coalition","PS1_Strong","PS2_Strong","","","47","Male","Businessperson",2,1,2,1
"120","R_2ROoVGzCr3sBUdF",0,3,"HSS",1,"Civic Coalition",0.466666666666667,0,1,"Candidate A","59","Kobieta","Przedsiębiorca","Civic Coalition","PS1_Strong","PS2_Strong","59","Kobieta","Przedsiębiorca","Law and Justice","PS1_Mild","PS2_Mild","","","59","Female","Businessperson",1,1,1,1
"121","R_8n1NeUB85ZKRnJS",0,3,"HSS",0,"Civic Coalition",0.466666666666667,1,1,"Candidate B","59","Kobieta","Przedsiębiorca","Law and Justice","PS1_Mild","PS2_Mild","59","Kobieta","Przedsiębiorca","Civic Coalition","PS1_Strong","PS2_Strong","0","1","59","Female","Businessperson",2,1,2,1
"122","R_2E3Zk06HPd24Orc",0,0,"Non-HSS",1,"Civic Coalition",0.333333333333333,0,0,"Candidate A","47","Kobieta","Przedsiębiorca","Civic Coalition","PS1_Mild","PS2_Mild","47","Kobieta","Przedsiębiorca","Law and Justice","PS1_Strong","PS2_Strong","","","47","Female","Businessperson",1,0,1,1
"123","R_8fNasZEFucFM1UZ",0,3,"HSS",1,"Civic Coalition",0.266666666666667,1,1,"Candidate A","54","Kobieta","Członek rządu","Civic Coalition","PS1_Strong","PS2_Strong","54","Kobieta","Członek rządu","Law and Justice","PS1_Mild","PS2_Mild","1","0","54","Female","Member of the Cabinet",1,1,1,1
"124","R_2hDUqWOHNCKKc6I",0,3,"Non-HSS",1,"Civic Coalition",0.466666666666667,1,0,"Candidate B","62","Mężczyzna","Członek rządu","Law and Justice","PS1_Mild","PS2_Mild","62","Mężczyzna","Członek rządu","Civic Coalition","PS1_Strong","PS2_Strong","0","1","62","Male","Member of the Cabinet",2,1,2,1
"125","R_2KHNGqxt7lGr7di",0,3,"HSS",0,"Civic Coalition",0.6,0,1,"Candidate A","47","Mężczyzna","Przedsiębiorca","Civic Coalition","PS1_Mild","PS2_Mild","47","Mężczyzna","Przedsiębiorca","Law and Justice","PS1_Strong","PS2_Strong","","","47","Male","Businessperson",1,0,1,1
"126","R_2SqNjqPO1Kk8FCh",0,3,"HSS",1,"Civic Coalition",0.6,0,1,"Candidate A","59","Kobieta","Działacz społeczny","Civic Coalition","PS1_Strong","PS2_Strong","59","Kobieta","Działacz społeczny","Law and Justice","PS1_Mild","PS2_Mild","","","59","Female","Civil Activist",1,1,1,1
"127","R_2Y6wYZuCRZvEM6d",1,3,"HSS",1,"Law and Justice",0.666666666666667,1,1,"Candidate A","62","Kobieta","Działacz społeczny","Law and Justice","PS1_Mild","PS2_Mild","62","Kobieta","Działacz społeczny","Civic Coalition","PS1_Strong","PS2_Strong","","","62","Female","Civil Activist",1,0,1,1
"128","R_8SFraO3FrYb36xz",1,3,"Non-HSS",1,"Law and Justice",0.733333333333333,0,1,"Candidate A","54","Mężczyzna","Działacz społeczny","Law and Justice","PS1_Strong","PS2_Strong","54","Mężczyzna","Działacz społeczny","Civic Coalition","PS1_Mild","PS2_Mild","","","54","Male","Civil Activist",1,1,1,1
"129","R_8OkqUgqJJIZu11L",0,4,"Non-HSS",1,"Civic Coalition",0.466666666666667,0,0,"Candidate A","47","Mężczyzna","Członek rządu","Civic Coalition","PS1_Strong","PS2_Strong","47","Mężczyzna","Członek rządu","Law and Justice","PS1_Mild","PS2_Mild","1","0","47","Male","Member of the Cabinet",1,1,1,1
"130","R_2s0Yx5k2h3qBYOJ",0,3,"Non-HSS",1,"Civic Coalition",0.6,1,1,"Candidate A","47","Kobieta","Przedsiębiorca","Civic Coalition","PS1_Mild","PS2_Mild","47","Kobieta","Przedsiębiorca","Law and Justice","PS1_Strong","PS2_Strong","1","0","47","Female","Businessperson",1,0,1,1
"131","R_2gHJIu5xIbQo3Gt",0,3,"HSS",1,"Civic Coalition",0.8,1,1,"Candidate B","47","Kobieta","Działacz społeczny","Law and Justice","PS1_Strong","PS2_Strong","47","Kobieta","Działacz społeczny","Civic Coalition","PS1_Mild","PS2_Mild","0","1","47","Female","Civil Activist",2,0,2,1
"132","R_2GHyA1BPeXpuLVa",0,3,"HSS",0,"Law and Justice",0.333333333333333,0,1,"Candidate B","39","Mężczyzna","Członek rządu","Civic Coalition","PS1_Strong","PS2_Strong","39","Mężczyzna","Członek rządu","Law and Justice","PS1_Mild","PS2_Mild","0","1","39","Male","Member of the Cabinet",2,0,2,1
"133","R_8fy9JUM3FpZ0MpY",1,1,"HSS",0,"Law and Justice",0.6,0,1,"Candidate A","39","Kobieta","Członek rządu","Law and Justice","PS1_Strong","PS2_Strong","39","Kobieta","Członek rządu","Civic Coalition","PS1_Mild","PS2_Mild","1","0","39","Female","Member of the Cabinet",1,1,1,1
"134","R_8Kr4Yg1a2v7Ib6p",0,4,"HSS",1,"Law and Justice",0.4,1,1,"Candidate A","39","Mężczyzna","Przedsiębiorca","Law and Justice","PS1_Strong","PS2_Strong","39","Mężczyzna","Przedsiębiorca","Civic Coalition","PS1_Mild","PS2_Mild","1","0","39","Male","Businessperson",1,1,1,1
"135","R_208HAZhkCW7IBvH",0,4,"HSS",0,"Civic Coalition",0.466666666666667,1,1,"Candidate B","39","Mężczyzna","Przedsiębiorca","Law and Justice","PS1_Strong","PS2_Strong","39","Mężczyzna","Przedsiębiorca","Civic Coalition","PS1_Mild","PS2_Mild","0","1","39","Male","Businessperson",2,0,2,1
"136","R_8ieaQnvnPXQlkjw",0,2,"HSS",1,"Civic Coalition",0.6,0,0,"Candidate A","62","Kobieta","Działacz społeczny","Civic Coalition","PS1_Strong","PS2_Strong","62","Kobieta","Działacz społeczny","Law and Justice","PS1_Mild","PS2_Mild","1","0","62","Female","Civil Activist",1,1,1,1
"137","R_2ey6JhDrzJQsTZy",0,3,"HSS",1,"Civic Coalition",0.733333333333333,1,1,"Candidate A","47","Mężczyzna","Przedsiębiorca","Civic Coalition","PS1_Strong","PS2_Strong","47","Mężczyzna","Przedsiębiorca","Law and Justice","PS1_Mild","PS2_Mild","","","47","Male","Businessperson",1,1,1,1
"138","R_8dn5fT8p1nE0wOa",0,4,"HSS",0,"Civic Coalition",0.466666666666667,0,0,"Candidate A","54","Kobieta","Członek rządu","Civic Coalition","PS1_Mild","PS2_Mild","54","Kobieta","Członek rządu","Law and Justice","PS1_Strong","PS2_Strong","","","54","Female","Member of the Cabinet",1,0,1,1
"139","R_294IpeAQ5cJSyfB",0,3,"Non-HSS",1,"Civic Coalition",0.4,1,1,"Candidate B","62","Kobieta","Członek rządu","Law and Justice","PS1_Mild","PS2_Mild","62","Kobieta","Członek rządu","Civic Coalition","PS1_Strong","PS2_Strong","","","62","Female","Member of the Cabinet",2,1,2,1
"140","R_2QbzdLobiIrrC1H",0,3,"HSS",0,"Civic Coalition",0.333333333333333,0,1,"Candidate B","39","Mężczyzna","Działacz społeczny","Law and Justice","PS1_Strong","PS2_Strong","39","Mężczyzna","Działacz społeczny","Civic Coalition","PS1_Mild","PS2_Mild","","","39","Male","Civil Activist",2,0,2,1
"141","R_2foJhlHGpbr1P6l",0,3,"HSS",1,"Civic Coalition",0.466666666666667,1,1,"Candidate A","39","Mężczyzna","Przedsiębiorca","Civic Coalition","PS1_Strong","PS2_Strong","39","Mężczyzna","Przedsiębiorca","Law and Justice","PS1_Mild","PS2_Mild","","","39","Male","Businessperson",1,1,1,1
"142","R_22KlFwlNUrZcJcR",0,3,"HSS",1,"Civic Coalition",0.533333333333333,0,1,"Candidate B","62","Mężczyzna","Członek rządu","Law and Justice","PS1_Strong","PS2_Strong","62","Mężczyzna","Członek rządu","Civic Coalition","PS1_Mild","PS2_Mild","0","1","62","Male","Member of the Cabinet",2,0,2,1
"143","R_2f7jyEWNx82yEMU",1,3,"Non-HSS",0,"Law and Justice",0.6,0,1,"Candidate B","54","Kobieta","Przedsiębiorca","Civic Coalition","PS1_Strong","PS2_Strong","54","Kobieta","Przedsiębiorca","Law and Justice","PS1_Mild","PS2_Mild","0","1","54","Female","Businessperson",2,0,2,1
"144","R_82WeSaV9tlpqKZA",0,3,"HSS",1,"Civic Coalition",0.666666666666667,0,1,"Candidate A","54","Kobieta","Członek rządu","Civic Coalition","PS1_Mild","PS2_Mild","54","Kobieta","Członek rządu","Law and Justice","PS1_Strong","PS2_Strong","1","0","54","Female","Member of the Cabinet",1,0,1,1
"145","R_8s7oIoWV8JQ49Ht",0,4,"HSS",1,"Civic Coalition",0.4,0,1,"Candidate B","47","Mężczyzna","Działacz społeczny","Law and Justice","PS1_Strong","PS2_Strong","47","Mężczyzna","Działacz społeczny","Civic Coalition","PS1_Mild","PS2_Mild","","","47","Male","Civil Activist",2,0,2,1
"146","R_8Unfel4qHsuPRhn",0,4,"HSS",1,"Civic Coalition",0.466666666666667,0,1,"Candidate B","62","Kobieta","Członek rządu","Law and Justice","PS1_Mild","PS2_Mild","62","Kobieta","Członek rządu","Civic Coalition","PS1_Strong","PS2_Strong","","","62","Female","Member of the Cabinet",2,1,2,1
"147","R_8RgwwHEerQeZoxK",0,4,"HSS",0,"Law and Justice",0.466666666666667,0,1,"Candidate B","47","Mężczyzna","Przedsiębiorca","Civic Coalition","PS1_Mild","PS2_Mild","47","Mężczyzna","Przedsiębiorca","Law and Justice","PS1_Strong","PS2_Strong","","","47","Male","Businessperson",2,1,2,1
"148","R_27htVfj25fflLBT",0,3,"Non-HSS",0,"Civic Coalition",0.333333333333333,0,1,"Candidate B","54","Mężczyzna","Przedsiębiorca","Civic Coalition","PS1_Strong","PS2_Strong","54","Mężczyzna","Przedsiębiorca","Law and Justice","PS1_Mild","PS2_Mild","","","54","Male","Businessperson",1,1,2,0
"149","R_8De9cYmcRMcCpTb",0,2,"HSS",0,"Civic Coalition",0.533333333333333,1,1,"Candidate B","59","Kobieta","Działacz społeczny","Law and Justice","PS1_Strong","PS2_Strong","59","Kobieta","Działacz społeczny","Civic Coalition","PS1_Mild","PS2_Mild","","","59","Female","Civil Activist",2,0,2,1
"150","R_833Tv5M8NlwQ6xO",1,2,"Non-HSS",0,"Civic Coalition",0.4,0,1,"Candidate B","47","Kobieta","Członek rządu","Law and Justice","PS1_Strong","PS2_Strong","47","Kobieta","Członek rządu","Civic Coalition","PS1_Mild","PS2_Mild","0","1","47","Female","Member of the Cabinet",2,0,2,1
"151","R_8qaSjd1SSSNneYl",0,3,"Non-HSS",0,"Civic Coalition",0.466666666666667,0,1,"Candidate B","39","Kobieta","Działacz społeczny","Law and Justice","PS1_Strong","PS2_Strong","39","Kobieta","Działacz społeczny","Civic Coalition","PS1_Mild","PS2_Mild","","","39","Female","Civil Activist",2,0,2,1
"152","R_299D5RuXkAjeZfX",0,3,"Non-HSS",1,NA,0.533333333333333,1,0,"Candidate A","62","Mężczyzna","Członek rządu","Law and Justice","PS1_Strong","PS2_Strong","62","Mężczyzna","Członek rządu","Civic Coalition","PS1_Mild","PS2_Mild","","","62","Male","Member of the Cabinet",NA,0,1,NA
"153","R_2CVNRsoNJcobReb",0,2,"Non-HSS",0,"Civic Coalition",0.6,0,1,"Candidate A","54","Mężczyzna","Członek rządu","Civic Coalition","PS1_Mild","PS2_Mild","54","Mężczyzna","Członek rządu","Law and Justice","PS1_Strong","PS2_Strong","1","0","54","Male","Member of the Cabinet",1,0,1,1
"154","R_83U3zelsEv7yuQ1",0,3,"Non-HSS",1,"Civic Coalition",0.666666666666667,0,1,"Candidate B","62","Kobieta","Przedsiębiorca","Law and Justice","PS1_Mild","PS2_Mild","62","Kobieta","Przedsiębiorca","Civic Coalition","PS1_Strong","PS2_Strong","0","1","62","Female","Businessperson",2,1,2,1
"155","R_2NyBv1mSCVEz7w7",0,4,"HSS",1,"Law and Justice",0.4,0,1,"Candidate A","54","Kobieta","Przedsiębiorca","Law and Justice","PS1_Mild","PS2_Mild","54","Kobieta","Przedsiębiorca","Civic Coalition","PS1_Strong","PS2_Strong","1","0","54","Female","Businessperson",1,0,1,1
"156","R_2oZ1OKqO8frrKvL",0,NA,"HSS",1,"Law and Justice",0.6,NA,1,"Candidate B","62","Kobieta","Członek rządu","Civic Coalition","PS1_Mild","PS2_Mild","62","Kobieta","Członek rządu","Law and Justice","PS1_Strong","PS2_Strong","0","1","62","Female","Member of the Cabinet",2,1,2,1
"157","R_2erWMjOy2lFJetz",0,2,"HSS",1,"Civic Coalition",0.6,0,0,"Candidate B","47","Mężczyzna","Działacz społeczny","Civic Coalition","PS1_Strong","PS2_Strong","47","Mężczyzna","Działacz społeczny","Law and Justice","PS1_Mild","PS2_Mild","0","1","47","Male","Civil Activist",1,1,2,0
"158","R_8rFvQZeGwHt9e4V",0,4,"Non-HSS",1,"Civic Coalition",0.533333333333333,0,1,"Candidate A","62","Kobieta","Przedsiębiorca","Civic Coalition","PS1_Strong","PS2_Strong","62","Kobieta","Przedsiębiorca","Law and Justice","PS1_Mild","PS2_Mild","1","0","62","Female","Businessperson",1,1,1,1
"159","R_2hhXeAGNwiwbDmC",0,4,"Non-HSS",1,"Law and Justice",0.533333333333333,1,1,"Candidate A","47","Kobieta","Przedsiębiorca","Law and Justice","PS1_Mild","PS2_Mild","47","Kobieta","Przedsiębiorca","Civic Coalition","PS1_Strong","PS2_Strong","","","47","Female","Businessperson",1,0,1,1
"160","R_8j341vLiF9hkI4o",0,2,"Non-HSS",0,"Law and Justice",0.6,0,0,"Candidate A","54","Mężczyzna","Przedsiębiorca","Law and Justice","PS1_Strong","PS2_Strong","54","Mężczyzna","Przedsiębiorca","Civic Coalition","PS1_Mild","PS2_Mild","1","0","54","Male","Businessperson",1,1,1,1
"161","R_2aegJ1Xhuqg5M1K",0,4,"Non-HSS",1,"Law and Justice",0.533333333333333,0,1,"Candidate A","54","Kobieta","Członek rządu","Law and Justice","PS1_Mild","PS2_Mild","54","Kobieta","Członek rządu","Civic Coalition","PS1_Strong","PS2_Strong","","","54","Female","Member of the Cabinet",1,0,1,1
"162","R_8e37YCmLf17YGGd",0,4,"HSS",1,"Civic Coalition",0.533333333333333,1,1,"Candidate B","62","Kobieta","Przedsiębiorca","Civic Coalition","PS1_Strong","PS2_Strong","62","Kobieta","Przedsiębiorca","Law and Justice","PS1_Mild","PS2_Mild","","","62","Female","Businessperson",1,1,2,0
"163","R_2EnGujwBWmvvCw2",1,3,"HSS",0,"Law and Justice",0.466666666666667,0,1,"Candidate B","39","Kobieta","Działacz społeczny","Civic Coalition","PS1_Strong","PS2_Strong","39","Kobieta","Działacz społeczny","Law and Justice","PS1_Mild","PS2_Mild","","","39","Female","Civil Activist",2,0,2,1
"164","R_2lSKY8fGaaHLD9v",0,4,"HSS",0,"Law and Justice",0.666666666666667,1,1,"Candidate A","39","Kobieta","Przedsiębiorca","Law and Justice","PS1_Mild","PS2_Mild","39","Kobieta","Przedsiębiorca","Civic Coalition","PS1_Strong","PS2_Strong","","","39","Female","Businessperson",1,0,1,1
"165","R_87TOv8Boc3BElUf",0,3,"HSS",0,"Civic Coalition",0.466666666666667,0,1,"Candidate B","47","Kobieta","Członek rządu","Law and Justice","PS1_Strong","PS2_Strong","47","Kobieta","Członek rządu","Civic Coalition","PS1_Mild","PS2_Mild","0","1","47","Female","Member of the Cabinet",2,0,2,1
"166","R_8S1NEiuilOMISS5",0,4,"Non-HSS",0,"Law and Justice",0.533333333333333,0,1,"Candidate B","47","Kobieta","Członek rządu","Civic Coalition","PS1_Mild","PS2_Mild","47","Kobieta","Członek rządu","Law and Justice","PS1_Strong","PS2_Strong","0","1","47","Female","Member of the Cabinet",2,1,2,1
"167","R_83Qlg0jivFA8JtT",1,3,"HSS",1,"Civic Coalition",0.466666666666667,1,1,"Candidate B","54","Kobieta","Członek rządu","Law and Justice","PS1_Strong","PS2_Strong","54","Kobieta","Członek rządu","Civic Coalition","PS1_Mild","PS2_Mild","","","54","Female","Member of the Cabinet",2,0,2,1
"168","R_8QKUTZTBc9u7MPm",0,4,"HSS",1,"Civic Coalition",0.6,0,1,"Candidate B","47","Mężczyzna","Działacz społeczny","Law and Justice","PS1_Mild","PS2_Mild","47","Mężczyzna","Działacz społeczny","Civic Coalition","PS1_Strong","PS2_Strong","0","1","47","Male","Civil Activist",2,1,2,1
"169","R_2XpPzd1DL7rFPNw",0,2,"Non-HSS",0,"Civic Coalition",0.4,1,1,"Candidate A","39","Mężczyzna","Przedsiębiorca","Civic Coalition","PS1_Mild","PS2_Mild","39","Mężczyzna","Przedsiębiorca","Law and Justice","PS1_Strong","PS2_Strong","1","0","39","Male","Businessperson",1,0,1,1
"170","R_8JKHR3YcIiTZeNQ",1,2,"HSS",1,NA,0.4,1,0,"Candidate A","47","Mężczyzna","Członek rządu","Civic Coalition","PS1_Strong","PS2_Strong","47","Mężczyzna","Członek rządu","Law and Justice","PS1_Mild","PS2_Mild","1","0","47","Male","Member of the Cabinet",NA,0,1,NA
"171","R_2qy06IsV13952QF",0,3,"HSS",1,NA,0.4,1,1,"Candidate B","62","Mężczyzna","Przedsiębiorca","Law and Justice","PS1_Strong","PS2_Strong","62","Mężczyzna","Przedsiębiorca","Civic Coalition","PS1_Mild","PS2_Mild","","","62","Male","Businessperson",NA,0,2,NA
"172","R_8kNVfg8JnQEjoKA",0,4,"Non-HSS",1,"Civic Coalition",0.533333333333333,0,1,"Candidate B","59","Kobieta","Członek rządu","Law and Justice","PS1_Mild","PS2_Mild","59","Kobieta","Członek rządu","Civic Coalition","PS1_Strong","PS2_Strong","","","59","Female","Member of the Cabinet",2,1,2,1
"173","R_21lExuCDqphWQDL",1,NA,"HSS",1,"Civic Coalition",0.466666666666667,1,1,"Candidate A","54","Kobieta","Przedsiębiorca","Civic Coalition","PS1_Strong","PS2_Strong","54","Kobieta","Przedsiębiorca","Law and Justice","PS1_Mild","PS2_Mild","1","0","54","Female","Businessperson",1,1,1,1
"174","R_86mRMgbmX9zK9HV",0,4,"Non-HSS",1,"Civic Coalition",0.466666666666667,1,0,"Candidate A","62","Mężczyzna","Członek rządu","Law and Justice","PS1_Mild","PS2_Mild","62","Mężczyzna","Członek rządu","Civic Coalition","PS1_Strong","PS2_Strong","","","62","Male","Member of the Cabinet",2,1,1,0
"175","R_2zwifJdZts1dCNA",0,3,"Non-HSS",0,"Law and Justice",0.4,0,1,"Candidate B","47","Mężczyzna","Działacz społeczny","Civic Coalition","PS1_Mild","PS2_Mild","47","Mężczyzna","Działacz społeczny","Law and Justice","PS1_Strong","PS2_Strong","0","1","47","Male","Civil Activist",2,1,2,1
"176","R_8iI2oFzXvvoSARl",0,3,"Non-HSS",0,"Civic Coalition",0.333333333333333,NA,1,"Candidate A","62","Kobieta","Przedsiębiorca","Civic Coalition","PS1_Strong","PS2_Strong","62","Kobieta","Przedsiębiorca","Law and Justice","PS1_Mild","PS2_Mild","","","62","Female","Businessperson",1,1,1,1
"177","R_8sRcI7Qk9RmjcVb",0,2,"HSS",0,"Civic Coalition",0.466666666666667,1,0,"Candidate B","47","Kobieta","Przedsiębiorca","Law and Justice","PS1_Strong","PS2_Strong","47","Kobieta","Przedsiębiorca","Civic Coalition","PS1_Mild","PS2_Mild","0","1","47","Female","Businessperson",2,0,2,1
"178","R_2rc3bGlscMQkrME",0,2,"HSS",1,NA,0.4,1,0,"Candidate B","59","Mężczyzna","Przedsiębiorca","Civic Coalition","PS1_Mild","PS2_Mild","59","Mężczyzna","Przedsiębiorca","Law and Justice","PS1_Strong","PS2_Strong","0","1","59","Male","Businessperson",NA,0,2,NA
"179","R_8nOsCevIQD4TvGG",0,3,"HSS",1,"Law and Justice",0.533333333333333,0,1,"Candidate B","54","Kobieta","Członek rządu","Civic Coalition","PS1_Mild","PS2_Mild","54","Kobieta","Członek rządu","Law and Justice","PS1_Strong","PS2_Strong","0","1","54","Female","Member of the Cabinet",2,1,2,1
"180","R_8v4Dw1j7vDSBTWh",0,3,"Non-HSS",1,NA,0.6,1,0,"Candidate A","47","Kobieta","Przedsiębiorca","Civic Coalition","PS1_Mild","PS2_Mild","47","Kobieta","Przedsiębiorca","Law and Justice","PS1_Strong","PS2_Strong","1","0","47","Female","Businessperson",NA,0,1,NA
"181","R_8CDEyBhwpMK779m",0,2,"Non-HSS",1,"Law and Justice",0.8,1,0,"Candidate A","54","Mężczyzna","Działacz społeczny","Law and Justice","PS1_Mild","PS2_Mild","54","Mężczyzna","Działacz społeczny","Civic Coalition","PS1_Strong","PS2_Strong","1","0","54","Male","Civil Activist",1,0,1,1
"182","R_2EKYXS7ORJrMBfW",0,3,"HSS",0,"Civic Coalition",0.533333333333333,0,1,"Candidate A","59","Kobieta","Przedsiębiorca","Civic Coalition","PS1_Strong","PS2_Strong","59","Kobieta","Przedsiębiorca","Law and Justice","PS1_Mild","PS2_Mild","1","0","59","Female","Businessperson",1,1,1,1
"183","R_2kbTj2uUC1Zp6yV",0,3,"HSS",0,"Civic Coalition",0.4,0,0,"Candidate A","59","Kobieta","Członek rządu","Law and Justice","PS1_Mild","PS2_Mild","59","Kobieta","Członek rządu","Civic Coalition","PS1_Strong","PS2_Strong","1","0","59","Female","Member of the Cabinet",2,1,1,0
"184","R_87uFlsCababYhkB",0,3,"HSS",1,"Civic Coalition",0.6,1,1,"Candidate B","62","Mężczyzna","Członek rządu","Law and Justice","PS1_Mild","PS2_Mild","62","Mężczyzna","Członek rządu","Civic Coalition","PS1_Strong","PS2_Strong","0","1","62","Male","Member of the Cabinet",2,1,2,1
"185","R_8YPaS8gsynJsMdJ",0,4,"Non-HSS",1,"Civic Coalition",0.6,1,1,"Candidate A","62","Mężczyzna","Członek rządu","Civic Coalition","PS1_Mild","PS2_Mild","62","Mężczyzna","Członek rządu","Law and Justice","PS1_Strong","PS2_Strong","1","0","62","Male","Member of the Cabinet",1,0,1,1
"186","R_8gCrKbE9qVCtfGt",0,4,"Non-HSS",1,"Civic Coalition",0.4,0,1,"Candidate B","59","Mężczyzna","Działacz społeczny","Law and Justice","PS1_Strong","PS2_Strong","59","Mężczyzna","Działacz społeczny","Civic Coalition","PS1_Mild","PS2_Mild","","","59","Male","Civil Activist",2,0,2,1
"187","R_8pzJV4CcKuIk1I6",0,NA,"Non-HSS",1,NA,0.733333333333333,0,1,"Candidate B","47","Kobieta","Członek rządu","Civic Coalition","PS1_Mild","PS2_Mild","47","Kobieta","Członek rządu","Law and Justice","PS1_Strong","PS2_Strong","","","47","Female","Member of the Cabinet",NA,0,2,NA
"188","R_23oSTQlz6nq6CTn",0,2,"Non-HSS",0,"Law and Justice",0.6,0,1,"Candidate A","39","Kobieta","Działacz społeczny","Law and Justice","PS1_Strong","PS2_Strong","39","Kobieta","Działacz społeczny","Civic Coalition","PS1_Mild","PS2_Mild","1","0","39","Female","Civil Activist",1,1,1,1
"189","R_8livgo8PWMdPUem",0,3,"Non-HSS",0,NA,0.466666666666667,1,1,"Candidate B","54","Kobieta","Członek rządu","Civic Coalition","PS1_Mild","PS2_Mild","54","Kobieta","Członek rządu","Law and Justice","PS1_Strong","PS2_Strong","0","1","54","Female","Member of the Cabinet",NA,0,2,NA
"190","R_81wiJ5AyIAJiMBr",0,3,"HSS",1,"Civic Coalition",0.6,1,1,"Candidate B","62","Mężczyzna","Przedsiębiorca","Law and Justice","PS1_Strong","PS2_Strong","62","Mężczyzna","Przedsiębiorca","Civic Coalition","PS1_Mild","PS2_Mild","0","1","62","Male","Businessperson",2,0,2,1
"191","R_82n9ZU2SliqtH9h",0,NA,"HSS",1,"Civic Coalition",0.4,0,1,"Candidate A","59","Kobieta","Członek rządu","Civic Coalition","PS1_Mild","PS2_Mild","59","Kobieta","Członek rządu","Law and Justice","PS1_Strong","PS2_Strong","1","0","59","Female","Member of the Cabinet",1,0,1,1
"192","R_2G0Nj909W1FAMMk",1,4,"Non-HSS",1,"Law and Justice",0.333333333333333,1,1,"Candidate B","62","Mężczyzna","Członek rządu","Civic Coalition","PS1_Strong","PS2_Strong","62","Mężczyzna","Członek rządu","Law and Justice","PS1_Mild","PS2_Mild","","","62","Male","Member of the Cabinet",2,0,2,1
"193","R_87DXdb7ZKleeMZb",0,4,"Non-HSS",0,"Civic Coalition",0.333333333333333,NA,1,"Candidate B","62","Mężczyzna","Działacz społeczny","Law and Justice","PS1_Mild","PS2_Mild","62","Mężczyzna","Działacz społeczny","Civic Coalition","PS1_Strong","PS2_Strong","0","1","62","Male","Civil Activist",2,1,2,1
"194","R_22UOVvWz7pInwkz",0,4,"HSS",0,NA,0.533333333333333,0,1,"Candidate B","47","Mężczyzna","Działacz społeczny","Civic Coalition","PS1_Mild","PS2_Mild","47","Mężczyzna","Działacz społeczny","Law and Justice","PS1_Strong","PS2_Strong","0","1","47","Male","Civil Activist",NA,0,2,NA
"195","R_2mRgBjIb7SmhIUb",0,2,"HSS",0,"Law and Justice",0.466666666666667,0,0,"Candidate B","59","Mężczyzna","Członek rządu","Civic Coalition","PS1_Strong","PS2_Strong","59","Mężczyzna","Członek rządu","Law and Justice","PS1_Mild","PS2_Mild","0","1","59","Male","Member of the Cabinet",2,0,2,1
"196","R_8lgkz0dCwfbtmVx",0,3,"HSS",1,NA,0.6,1,1,"Candidate A","62","Kobieta","Członek rządu","Civic Coalition","PS1_Mild","PS2_Mild","62","Kobieta","Członek rządu","Law and Justice","PS1_Strong","PS2_Strong","1","0","62","Female","Member of the Cabinet",NA,0,1,NA
"197","R_84ygsNEUBjpr7Vf",0,3,"Non-HSS",1,"Civic Coalition",0.666666666666667,0,0,"Candidate B","59","Mężczyzna","Członek rządu","Law and Justice","PS1_Mild","PS2_Mild","59","Mężczyzna","Członek rządu","Civic Coalition","PS1_Strong","PS2_Strong","0","1","59","Male","Member of the Cabinet",2,1,2,1
"198","R_8xJf2Zg66pxhct1",1,4,"HSS",0,"Law and Justice",0.6,0,1,"Candidate B","54","Mężczyzna","Działacz społeczny","Civic Coalition","PS1_Mild","PS2_Mild","54","Mężczyzna","Działacz społeczny","Law and Justice","PS1_Strong","PS2_Strong","0","1","54","Male","Civil Activist",2,1,2,1
"199","R_2rvmI53NiIcXS3k",0,4,"HSS",0,"Civic Coalition",0.466666666666667,0,1,"Candidate A","39","Mężczyzna","Członek rządu","Civic Coalition","PS1_Mild","PS2_Mild","39","Mężczyzna","Członek rządu","Law and Justice","PS1_Strong","PS2_Strong","1","0","39","Male","Member of the Cabinet",1,0,1,1
"200","R_8qsJ458m0QPBJAi",0,3,"HSS",0,"Law and Justice",0.4,1,0,"Candidate B","62","Kobieta","Przedsiębiorca","Civic Coalition","PS1_Strong","PS2_Strong","62","Kobieta","Przedsiębiorca","Law and Justice","PS1_Mild","PS2_Mild","","","62","Female","Businessperson",2,0,2,1
"201","R_8xKrqWWuo4aLQxr",0,4,"HSS",1,"Civic Coalition",0.533333333333333,1,0,"Candidate B","62","Mężczyzna","Przedsiębiorca","Law and Justice","PS1_Strong","PS2_Strong","62","Mężczyzna","Przedsiębiorca","Civic Coalition","PS1_Mild","PS2_Mild","","","62","Male","Businessperson",2,0,2,1
"202","R_8QWkT54XkQ2zAj6",0,1,"Non-HSS",1,"Civic Coalition",0.4,0,0,"Candidate B","39","Kobieta","Działacz społeczny","Law and Justice","PS1_Strong","PS2_Strong","39","Kobieta","Działacz społeczny","Civic Coalition","PS1_Mild","PS2_Mild","0","1","39","Female","Civil Activist",2,0,2,1
"203","R_2pQocGqMwbdnq7j",0,4,"HSS",0,"Civic Coalition",0.6,1,1,"Candidate A","39","Mężczyzna","Działacz społeczny","Civic Coalition","PS1_Strong","PS2_Strong","39","Mężczyzna","Działacz społeczny","Law and Justice","PS1_Mild","PS2_Mild","1","0","39","Male","Civil Activist",1,1,1,1
"204","R_8rOkkYeYbELLymA",0,2,"HSS",1,"Civic Coalition",0.533333333333333,0,1,"Candidate A","47","Kobieta","Członek rządu","Civic Coalition","PS1_Mild","PS2_Mild","47","Kobieta","Członek rządu","Law and Justice","PS1_Strong","PS2_Strong","1","0","47","Female","Member of the Cabinet",1,0,1,1
